MonsterBase.dec	AsmodeusGhost	0	DND_UNDEADPRIESTGHOST
MonsterBase.dec	AsmodeusPullerGhost	0	DND_UNDEADPRIESTGHOST
Monsters.dec	ZombieMan2	0	DND_ZOMBIEMANID
Monsters.dec	Shotgunguy2	0	DND_SHOTGUNNERID
Monsters.dec	Chaingunguy2	0	DND_CHAINGUNGUYID
Monsters.dec	Demon2x	0	DND_DEMONID
Monsters.dec	DoomImp2	0	DND_IMPID
Monsters.dec	LostSoul2	0	DND_LOSTSOULID
Monsters.dec	CacoDemon2	0	DND_CACODEMONID
Monsters.dec	PainElemental2	0	DND_PAINELEMENTALID
Monsters.dec	Revenant2	0	DND_REVENANTID
Monsters.dec	HellKnight2	0	DND_HELLKNIGHTID
Monsters.dec	BaronOfHell2	0	DND_BARONID
Monsters.dec	Mancubus2	0	DND_FATSOID
Monsters.dec	Arachno2	0	DND_ARACHNOTRONID
Monsters.dec	ArchVile2	0	DND_ARCHVILEID
Monsters.dec	SpiderMastermind2	0	DND_SPIDERMASTERMINDID
Monsters.dec	Cyberdemon2	0	DND_CYBERDEMONID
Monsters.dec	WolfensteinSS2	0	DND_NAZIID
Monsters.dec	ReiverGhost	0	DND_WRAITH
Arachnotron.dec	FusionSpider	128	DND_FUSIONSPIDER
Arachnotron.dec	HellforgeSpider	128	DND_HELLFORGESPIDER
Arachnotron.dec	RailArachnotron	192	DND_RAILARACHNOTRON
Arachnotron.dec	BabyDemolisher	64	DND_BABYDEMOLISHER
Arachnotron.dec	Vore	40	DND_VORE
Arachnotron.dec	ChaingunCommando	64	DND_CHAINGUNCOMMANDO
Arachnotron.dec	ChaingunGeneral	64	DND_CHAINGUNGENERAL
Arachnotron.dec	Legionnaire	48	DND_LEGIONNAIRE
Arachnotron.dec	Manticore	96	DND_MANTICORE
Arachnotron.dec	Ophidian	64	DND_OPHIDIAN
ArchVile.dec	Diabloist	10	DND_DIABLOIST
ArchVile.dec	DeathVile	8	DND_DEATHVILE
ArchVile.dec	Hierophant	16	DND_HIEROPHANT
ArchVile.dec	Deathknight	20	DND_DEATHKNIGHT
ArchVile.dec	Horshacker	20	DND_HORSHACKER
ArchVile.dec	UndeadPriest	48	DND_UNDEADPRIEST
ArchVile.dec	UndeadSpirit	0	DND_UNDEADPRIESTGHOST
ArchVile.dec	Guru	56	DND_GURU
ArchVile.dec	DarkZealot	48	DND_DARKZEALOT
ArchVile.dec	FleshWizard	64	DND_FLESHWIZARD
BaronOfHell.dec	Lavademon	96	DND_LAVADEMON
BaronOfHell.dec	LordofHeresy	50	DND_LORDOFHERESY
BaronOfHell.dec	Cybruiser	20	DND_CYBRUISER
BaronOfHell.dec	BruiserDemon	15	DND_BRUISERDEMON
BaronOfHell.dec	Bormereth	75	DND_BORMERETH
BaronOfHell.dec	BloodSeeker	144	DND_BLOODSEEKER
BaronOfHell.dec	Barbatos	32	DND_BARBATOS
BaronOfHell.dec	ShadowWizard	32	DND_SHADOWWIZARD
BaronOfHell.dec	Kjaroch	32	DND_KJAROCH
BaronOfHell.dec	MagmaSerpent	64	DND_MAGMASERPENT
BaronOfHell.dec	DreadKnight	100	DND_DREADKNIGHT
BaronOfHell.dec	MagmaGolem	48	DND_MAGMAGOLEM
BaronOfHell.dec	Warmaster	32	DND_WARMASTER
BaronOfHell.dec	Judicator	64	DND_JUDICATOR
Cacodemon.dec	CacoLich	96	DND_CACOLICH
Cacodemon.dec	DeathWhisperer	145	DND_DEATHWHISPERER
Cacodemon.dec	EnhancedCacodemon	128	DND_ENHANCEDCACO
Cacodemon.dec	Inferno	128	DND_INFERNO
Cacodemon.dec	Weakener	160	DND_WEAKENER
Cacodemon.dec	Grell	128	DND_GRELL
Cacodemon.dec	ShadowPriest	170	DND_SHADOWPRIEST
Cacodemon.dec	Guardian	48	DND_GUARDIAN
Cacodemon.dec	Wicked	112	DND_WICKED
Chaingunguy.dec	DoubleChaingunner	150	DND_DOUBLEGUNNER
Chaingunguy.dec	ChaingunMajor	96	DND_CGMAJOR
Chaingunguy.dec	ZSec	128	DND_ZSEC
Chaingunguy.dec	ZSpecOpsMachinegun	192	DND_ZSPECMG
Chaingunguy.dec	QuakeZombieChaingun	160	DND_ZOMBIEQUAKE3
Chaingunguy.dec	UndeadInitiate	30	DND_INITIATE
Chaingunguy.dec	MrRobot	96	DND_MRROBOT
Chaingunguy.dec	MachinegunGuy	170	DND_ZOMBIEMG
Chaingunguy.dec	PlasmaZombie	128	DND_PLASMAZOMBIE
Chaingunguy.dec	Berserkerguy	144	DND_BERSERKERGUY
Cyberdemon.dec	Cardinal	50	DND_CARDINAL
Cyberdemon.dec	TerminatorX	8	DND_TERMINATOR
Cyberdemon.dec	Thamuz	35	DND_THAMUZ
Cyberdemon.dec	Azazel	20	DND_AZAZEL
Cyberdemon.dec	HellsmithX	16	DND_HELLSMITH
Cyberdemon.dec	AvatarOfChaos	4	DND_AVATAR
Cyberdemon.dec	Thanatos	8	DND_THANATOS
Cyberdemon.dec	Cerberus	16	DND_CERBERUS
Cyberdemon.dec	DeathWyvern	128	DND_DEATHWYVERN
Demon.dec	BloodDemonClone	180	DND_BLOODDEMON
Demon.dec	Bloodfiend	140	DND_BLOODFIEND
Demon.dec	Ravager	96	DND_RAVAGER
Demon.dec	CyberFiend	125	DND_CYBERFIEND
Demon.dec	FlameDemon	150	DND_FLAMEDEMON
Demon.dec	StoneDemon	100	DND_STONEDEMON
Demon.dec	SoulEater	128	DND_SOULEATER
Demon.dec	BigBruty	48	DND_BRUTY
Demon.dec	Scavenger	128	DND_SCAVENGER
Demon.dec	Nhumcign	96	DND_NHUMCIGN
Demon.dec	Satyr	84	DND_SATYR
Demon.dec	EarthGolem	128	DND_EARTHGOLEM
Demon.dec	PurebredDemon	128	DND_PUREBREDDEMON
Demon.dec	Sabreclaw	96	DND_SABRECLAW
Dementor.dec	Dementor	32	DND_DUNGEON_DEMENTOR
Golem.dec	BloodGolem	36	DND_DUNGEON_BLOODGOLEM
Shambler.dec	Shambler	16	DND_DUNGEON_SHAMBLER
HellKnight.dec	BloodSatyr	64	DND_BLOODSATYR
HellKnight.dec	HellWarrior	50	DND_HELLWARRIOR
HellKnight.dec	HellsFury	50	DND_HELLSFURY
HellKnight.dec	ArchonOfHell	20	DND_ARCHON
HellKnight.dec	WarlordOfHell	50	DND_WARLORD
HellKnight.dec	ShadowBeast	144	DND_SHADOWBEAST
HellKnight.dec	BlackKnight	100	DND_BLACKKNIGHT
HellKnight.dec	SkullWizard	48	DND_SKULLWIZARD
HellKnight.dec	ChaosSerpent	64	DND_CHAOSSERPENT
HellKnight.dec	MoonSatyr	64	DND_MOONSATYR
HellKnight.dec	IceGolem	48	DND_ICEGOLEM
HellKnight.dec	Gladiator	64	DND_GLADIATOR
HellKnight.dec	Putrefier	84	DND_PUTREFIER
Imp.dec	STDarkImp	200	DND_DARKIMP1
Imp.dec	NamiDarkImp	200	DND_DARKIMP2
Imp.dec	VoidDarkImp	200	DND_VOIDDARKIMP
Imp.dec	NetherDarkImp	100	DND_NETHERDARKIMP
Imp.dec	ImpAbomination	200	DND_IMPABOM
Imp.dec	STImp	200	DND_STIMP
Imp.dec	VoidImp	200	DND_VOIDIMP
Imp.dec	SoulHarvester	160	DND_SOULHARVESTER
Imp.dec	PyroImp	200	DND_PYROIMP
Imp.dec	Devil	160	DND_DEVIL
Imp.dec	Devil2	128	DND_DEVIL2
Imp.dec	Vulgar	180	DND_VULGAR
Imp.dec	UndeadMage	184	DND_UNDEADMAGE
Imp.dec	ReaverRobot	128	DND_REAVER
Imp.dec	Shadow	200	DND_SHADOW
Imp.dec	Roach	64	DND_ROACH
Arachno.dec	AbyssalArachno	96	DND_ABYSS_ARACHNOTRON
Baron.dec	AbyssalBaron	16	DND_ABYSS_BARON
Cacodemon.dec	AbyssalCaco	128	DND_ABYSS_CACODEMON
Chaingunner.dec	AbyssalChaingunner	150	DND_ABYSS_CHAINGUNNER
Cyber.dec	AbyssalCyberdemon	20	DND_ABYSS_CYBERDEMON
Demon.dec	AbyssalDemon	144	DND_ABYSS_DEMON
Fatso.dec	AbyssalFatso	56	DND_ABYSS_MANCUBUS
HellHound.dec	AbyssalHound	144	DND_ABYSS_HOUND
HellKnight.dec	AbyssalHellKnight	32	DND_ABYSS_HELLKNIGHT
Imp.dec	AbyssalImp	160	DND_ABYSS_IMP
LostSoul.dec	AbyssalLostSoul	256	DND_ABYSS_LOSTSOUL
MotherDemon.dec	AbyssalMotherDemon	4	DND_ABYSS_MOTHERDEMON
NightmareCaco.dec	AbyssalNightmareCaco	32	DND_ABYSS_NIGHTMARECACO
NightmareImp.dec	AbyssalNightmareImp	32	DND_ABYSS_NIGHTMAREIMP
PainElemental.dec	AbyssalPainElemental	128	DND_ABYSS_PAINELEMENTAL
Revenant.dec	AbyssalRevenant	84	DND_ABYSS_REVENANT
SM.dec	AbyssalQueen	24	DND_ABYSS_SPIDERDEMON
Shotgunner.dec	AbyssalShotgunner	155	DND_ABYSS_SHOTGUNNER
Spectre.dec	AbyssalSpectre	96	DND_ABYSS_SPECTRE
Vile.dec	AbyssalArchVile	4	DND_ABYSS_ARCHVILE
Zombieman.dec	AbyssalZombieman	170	DND_ABYSS_ZOMBIEMAN
ArmoredFlemoid.dec	ArmoredFlemoid	75	DND_CHEX_ARMORED
BipedalFlemoid.dec	BipedalFlemoid	60	DND_CHEX_BIPEDAL
Brownabe.dec	FlemoidBernabe	2	DND_CHEX_BERNABE
Carrier.dec	FlemCarrier	60	DND_CHEX_FLEMCARRIER
CommonFlemoid.dec	CommonFlemoid	90	DND_CHEX_COMMON
Cyclops.dec	CyclopsFlemoid	50	DND_CHEX_CYCLOPS
FlemMine.dec	FlemMine	0	DND_CHEX_FLEMMINE
Flembomination.dec	Flembomination	10	DND_CHEX_FLEMBOMINATION
Flemobius.dec	FlemoidMobius	16	DND_CHEX_FLEMOBIUS
HeavyArmored.dec	HeavyArmoredFlemoid	40	DND_CHEX_HEAVYARMORED
Larva.dec	FlemoidLarva	40	DND_CHEX_LARVA
Maximus.dec	FlemoidMaximus	8	DND_CHEX_MAXIMUS
Meteor.dec	ChexMeteorGround	255	DND_CHEX_METEOR
Quadwumpus.dec	ChexQuadrumpus	30	DND_CHEX_QUADWUMPUS
Snotfolus.dec	Snotfolus	2	DND_CHEX_SNOTFOLUS
Stridicus.dec	FlemoidStridicus	25	DND_CHEX_STRIDICUS
SuperCyclops.dec	SuperCyclops	25	DND_CHEX_SUPERCYCLOPS
Legendary.dec	DreamingGod	4	DND_DREAMER
Legendary.dec	Torrasque	32	DND_TORRASQUE
Legendary.dec	Mordecqai	0	DND_MORDECQAI
Legendary.dec	GodSlayer	0	DND_GODSLAYER
Legendary.dec	Golgoth	6	DND_GOLGOTH
LostSoul.dec	BabyCaco	176	DND_BABYCACO
LostSoul.dec	Fleshspawn	224	DND_FLESHSPAWN
LostSoul.dec	ESoul	128	DND_ETHEREALSOUL
LostSoul.dec	GuardianCube	128	DND_GUARDIANCUBE
LostSoul.dec	ForgottenOne	230	DND_FORGOTTENONE
LostSoul.dec	Watcher	160	DND_WATCHER
Mancubus.dec	Corpulent	48	DND_CORPULENT
Mancubus.dec	Daedabus	64	DND_DAEDABUS
Mancubus.dec	IceFatso	80	DND_ICEFATSO
Mancubus.dec	Mafibus	20	DND_MAFIBUS
Mancubus.dec	Paladin	80	DND_PALADIN
Mancubus.dec	Gamon	64	DND_GAMON
Mancubus.dec	Mephisto	32	DND_MEPHISTO
Mancubus.dec	Abomination	72	DND_ABOMINATION
Mancubus.dec	GoldGolem	32	DND_GOLDGOLEM
Mancubus.dec	Yeti	32	DND_YETI
PainElemental.dec	TorturedSoul	64	DND_TORTUREDSOUL
PainElemental.dec	Defiler	64	DND_DEFILER
PainElemental.dec	Helemental	32	DND_HADESELEMENTAL
PainElemental.dec	HS	0	DND_HADESSPHERE
PainElemental.dec	DESentinel	64	DND_SENTINEL
PainElemental.dec	BloodLich	32	DND_BLOODLICH
PainElemental.dec	ShadowDisciple	140	DND_SHADOWDISCIPLE
PainElemental.dec	HellArbiter	96	DND_HELLARBITER
Revenant.dec	Incarnate	64	DND_INCARNATE
Revenant.dec	Incarnate_Pretender	64	DND_INCARNATE
Revenant.dec	BeamRevenant	100	DND_BEAMREVENANT
Revenant.dec	Cadaver	70	DND_CADAVER
Revenant.dec	Widowmaker	60	DND_WIDOWMAKER
Revenant.dec	SludgeGiant	96	DND_SLUDGEGIANT
Revenant.dec	SludgeGiantSplit	96	DND_SLUDGEGIANT2
Revenant.dec	SludgeGiantSplitFinal	96	DND_SLUDGEGIANT3
Revenant.dec	DarkServant	96	DND_DARKSERVANT
Revenant.dec	Crawler	64	DND_CRAWLER
Revenant.dec	Draugr	100	DND_DRAUGR
Revenant.dec	CyborgSoldier	40	DND_CYBORGSOLDIER
Shotgunguy.dec	SSGZombie	170	DND_ZOMBIESSG
Shotgunguy.dec	ZSpecOpsShotgun	192	DND_ZSPECSG
Shotgunguy.dec	LOSShotgunGuy	170	DND_SGLOS
Shotgunguy.dec	LOSSuperShotgunGuy	200	DND_SSGLOS
Shotgunguy.dec	SawedOffShotgunGuy	255	DND_SAWEDOFF1
Shotgunguy.dec	SawedOffShotgunGuy2	224	DND_SAWEDOFF2
Shotgunguy.dec	QuakeZombieShotgun	200	DND_ZOMBIEQUAKE2
Shotgunguy.dec	UndeadRogue	30	DND_ROGUE
Spectre.dec	Lurker	140	DND_LURKER
Spectre.dec	FlameDemonGhost	150	DND_FLAMEDEMON
Spectre.dec	NightmareSpectre	120	DND_NIGHTMAREDEMON
Spectre.dec	Gravedigger	180	DND_GRAVEDIGGER
Spectre.dec	Devourer	96	DND_DEVOURER
Spectre.dec	SoulEaterGhost	128	DND_SOULEATER
Spectre.dec	NhumCignGhost	96	DND_NHUMCIGN
Spectre.dec	RavagerGhost	96	DND_RAVAGER
SpiderMastermind.dec	Demolisher	20	DND_DEMOLISHER
SpiderMastermind.dec	Arachnophyte	8	DND_ARACHNOPHYTE
SpiderMastermind.dec	PsionicQueen	40	DND_PSIONICQUEEN
SpiderMastermind.dec	AngelOfDeath	48	DND_ANGELOFDEATH
SpiderMastermind.dec	Goldlich	8	DND_GOLDLICH
SpiderMastermind.dec	FakeGoldlich	8	DND_GOLDLICHFAKE
SpiderMastermind.dec	IronlichBoss	8	DND_IRONLICH
SpiderMastermind.dec	SpiderOverlord	8	DND_SPIDEROVERLORD
SpiderMastermind.dec	DarkLich	0	DND_DARKLICH
Uniques.dec	Teron	64	DND_TERON
Uniques.dec	Gant	64	DND_GANT
Uniques.dec	Bronn	64	DND_BRONN
Uniques.dec	Vaaj	64	DND_VAAJ
Uniques.dec	Remus	80	DND_REMUS
Uniques.dec	Ssrath	96	DND_SSRATH
Uniques.dec	HollowShell	80	DND_HOLLOWSHELL
Uniques.dec	Omnisight	32	DND_OMNISIGHT
Uniques.dec	Chegovax	10	DND_CHEGOVAX
Uniques.dec	Onimuz	48	DND_ONIMUZ
Uniques.dec	Harkimonde	56	DND_HARKIMONDE
Uniques.dec	Leshrac	64	DND_LESHRAC
Uniques.dec	LeshracPoisonMine	255	DND_LESHRACPOD
Uniques.dec	Krull	56	DND_KRULL
Uniques.dec	Thorax	48	DND_THORAX
Uniques.dec	Zravog	16	DND_ZRAVOG
Uniques.dec	Eryxia	24	DND_ERYXIA
Uniques.dec	Abaxoth	8	DND_ABAXOTH
Zombieman.dec	ZombieManGray	200	DND_ZOMBIEGRAY
Zombieman.dec	FormerRanger	170	DND_ZOMBIERANGER
Zombieman.dec	SMGGuy	200	DND_ZOMBIESMG
Zombieman.dec	RapidFireTrooper	200	DND_ZOMBIERAPID
Zombieman.dec	ZombieMarine	200	DND_ZOMBIEMARINE
Zombieman.dec	LOSZombieMan	200	DND_ZOMBIELOS
Zombieman.dec	PistolZombie	200	DND_ZOMBIEPISTOL
Zombieman.dec	QuakeZombie	200	DND_ZOMBIEQUAKE1
Zombieman.dec	UndeadHunter	30	DND_ZOMBIEHUNTER
Zombieman.dec	Prophet	184	DND_PROPHET